<?xml version="1.0" encoding="UTF-8"?>

<beans xmlns="http://www.springframework.org/schema/beans"
	xmlns:xsi="http://www.w3.org/2001/XMLSchema-instance" xmlns:context="http://www.springframework.org/schema/context"
	xmlns:mvc="http://www.springframework.org/schema/mvc"
	xsi:schemaLocation="http://www.springframework.org/schema/beans
       http://www.springframework.org/schema/beans/spring-beans.xsd
       http://www.springframework.org/schema/context
       http://www.springframework.org/schema/context/spring-context.xsd
       http://www.springframework.org/schema/mvc
       http://www.springframework.org/schema/mvc/spring-mvc.xsd">

     <!--  <bean id="productManager" class="com.avel.springapp.service.SimpleProductManager">
         <property name="products">
            <list>
                <ref bean="product1"/>
                <ref bean="product2"/>
                <ref bean="product3"/>
            </list>
         </property>
       </bean>

       <bean id="product1" class="com.avel.springapp.domain.Product">
         <property name="description" value="Lamp"/>
         <property name="price" value="5.75"/>
       </bean>
        
       <bean id="product2" class="com.avel.springapp.domain.Product">
         <property name="description" value="Table"/>
         <property name="price" value="75.25"/>
       </bean>

       <bean id="product3" class="com.avel.springapp.domain.Product">	
         <property name="description" value="Chair"/>
         <property name="price" value="22.79"/>
       </bean>
-->
       <bean id="messageSource" class="org.springframework.context.support.ResourceBundleMessageSource">
         <property name="basename" value="messages"/>
       </bean>
       
	<!-- Scans the classpath of this application for @Components to deploy as 
		beans -->
	<context:component-scan base-package="com.avel.springapp.web" />

	<!-- Configures the @Controller programming model -->
	<mvc:annotation-driven />

	<bean id="viewResolver"
		class="org.springframework.web.servlet.view.InternalResourceViewResolver">
		<property name="prefix" value="/WEB-INF" />
		<property name="suffix" value=".jsp" />
	</bean>

	<mvc:resources mapping="/static/**" location="/" />

</beans>
